id,first_name,last_name,email,country
1,Judy,Mendoza,jmendoza@edgeify.name,Hong Kong
2,Thomas,Duncan,tduncan@skaboo.name,USSR
3,Juan,Porter,jporter@myworks.net,Faroe Islands
4,Helen,Hamilton,hhamilton@twitterbeat.name,Turkmenistan
5,Thomas,Wilson,twilson@blogxs.biz,Iraq
6,Joshua,Williams,jwilliams@yombu.info,"Congo, Republic of"
7,Judy,Castillo,jcastillo@thoughtworks.com,Vietnam
8,Alice,Sanders,asanders@fivespan.net,Marshall Islands
9,Norma,Butler,nbutler@zooveo.gov,Guyana
10,Daniel,Arnold,darnold@twiyo.gov,Austria
11,Jeremy,Johnston,jjohnston@quire.net,Austria
12,Marilyn,Hall,mhall@thoughtstorm.info,Antarctica
13,Annie,Martinez,amartinez@brainbox.edu,India
14,Bruce,Ross,bross@katz.info,Cote d'Ivoire
15,Terry,Price,tprice@dablist.edu,Comoros
16,Brenda,Stone,bstone@browsecat.net,Bulgaria
17,Louis,Roberts,lroberts@vipe.net,Tanzania
18,Edward,Rogers,erogers@meejo.gov,Sweden
19,Mark,Richardson,mrichardson@kayveo.org,Bermuda
20,Shirley,Cook,scook@bluejam.mil,Anguilla
21,Margaret,Ryan,mryan@shuffletag.gov,Yemen
22,Joan,Morales,jmorales@feedfish.net,Suriname
23,Ashley,Burke,aburke@eamia.org,Zimbabwe
24,Tina,Franklin,tfranklin@agivu.net,Macau
25,Thomas,Rice,trice@quaxo.gov,Laos
26,Rachel,Stephens,rstephens@kazio.name,Martinique
27,Jimmy,Hayes,jhayes@blogxs.net,Venezuela
28,Peter,Dunn,pdunn@dabvine.biz,Cameroon
29,Ashley,Alexander,aalexander@aivee.gov,French Polynesia
30,Ronald,Ryan,rryan@flashspan.info,Liechtenstein
31,Betty,Kennedy,bkennedy@twitternation.gov,Sudan
32,Teresa,Fox,tfox@skimia.edu,San Marino
33,Jason,Fox,jfox@rhynyx.com,Australia
34,Ernest,Nelson,enelson@mynte.org,Russia
35,Sharon,Burns,sburns@camido.info,Argentina
36,Walter,Burke,wburke@brainbox.com,Nicaragua
37,Jack,Harvey,jharvey@zoovu.mil,Mali
38,Nicole,Simmons,nsimmons@tagopia.org,Armenia
39,Kathy,Gonzales,kgonzales@jayo.net,Malawi
40,Henry,Wells,hwells@bluezoom.net,Cuba
41,George,Vasquez,gvasquez@livetube.biz,Bouvet Island
42,Matthew,Vasquez,mvasquez@cogilith.org,Afghanistan
43,Lawrence,Spencer,lspencer@quamba.edu,Canada
44,Lois,Perez,lperez@voolia.gov,Spain
45,Mark,Stewart,mstewart@gabvine.org,Bulgaria
46,Craig,Jacobs,cjacobs@realcube.info,Comoros
47,Roy,Henderson,rhenderson@zoovu.gov,Hungary
48,Sean,Anderson,sanderson@twimm.gov,"Congo, Democratic Republic of"
49,Kathleen,Kelley,kkelley@thoughtbridge.name,French Southern Territories
50,Gerald,Parker,gparker@oyondu.info,Ascension Island
51,Julia,Lane,jlane@mycat.com,China
52,Jack,Perez,jperez@ainyx.name,Guatemala
53,Judith,Stewart,jstewart@skimia.org,Portugal
54,Ernest,Kelley,ekelley@devpoint.net,Kyrgyzstan
55,Brian,Hill,bhill@katz.name,Central African Republic
56,Ruth,Butler,rbutler@linklinks.net,Tajikistan
57,Laura,Martin,lmartin@blogspan.name,Poland
58,Margaret,Grant,mgrant@twiyo.mil,Algeria
59,Thomas,Day,tday@gigabox.mil,Puerto Rico
60,Sara,Adams,sadams@quimm.mil,Germany
61,Antonio,Cruz,acruz@devshare.biz,Turkey
62,Laura,Ward,lward@youopia.biz,Australia
63,Carl,Gonzales,cgonzales@yoveo.com,Comoros
64,Diane,Lee,dlee@leenti.gov,Suriname
65,Nancy,Boyd,nboyd@mydo.gov,"Palestinian Territory, Occupied"
66,Shirley,Lewis,slewis@skinix.info,Uruguay
67,Heather,Crawford,hcrawford@zoozzy.org,Slovakia
68,Patricia,Stanley,pstanley@youspan.name,Mozambique
69,Aaron,Bowman,abowman@voolia.mil,Pakistan
70,Amy,Baker,abaker@kayveo.gov,Lithuania
71,Janice,Snyder,jsnyder@dynava.mil,Comoros
72,Samuel,Weaver,sweaver@fanoodle.edu,Tanzania
73,Angela,Young,ayoung@twitterbridge.org,Netherlands Antilles
74,Brian,Black,bblack@avamba.info,"Congo, Republic of"
75,Shawn,Mendoza,smendoza@oyope.biz,Argentina
76,Bruce,Ramos,bramos@voonyx.biz,Japan
77,Jennifer,Fox,jfox@wordify.edu,Austria
78,Joyce,Freeman,jfreeman@yabox.gov,Italy
79,Ronald,Wagner,rwagner@meevee.biz,Belarus
80,Julia,Reid,jreid@jaxnation.info,El Salvador
81,Diane,Ward,dward@riffwire.gov,Guyana
82,William,Young,wyoung@cogibox.mil,Saint Helena
83,Sharon,Elliott,selliott@katz.com,Antigua and Barbuda
84,Lillian,Burton,lburton@riffpedia.gov,Benin
85,Carol,Castillo,ccastillo@bluejam.net,Mali
86,Jennifer,Flores,jflores@yata.edu,Vanuatu
87,Brandon,Carr,bcarr@roomm.edu,Ecuador
88,Willie,Ellis,wellis@trupe.com,Thailand
89,Larry,Turner,lturner@livepath.edu,"Korea, South"
90,James,Black,jblack@chatterpoint.mil,Timor-Leste
91,Denise,Welch,dwelch@mydeo.info,Malawi
92,Michael,Rose,mrose@wikido.biz,Macedonia
93,Joan,Moreno,jmoreno@jaloo.gov,Aruba
94,Patrick,Rose,prose@skyble.mil,Maldives
95,Earl,Kennedy,ekennedy@rhynyx.gov,Marshall Islands
96,Steven,Davis,sdavis@livepath.biz,Cambodia
97,Nancy,Wells,nwells@eamia.edu,Sudan
98,Carl,Ross,cross@skyndu.gov,Bermuda
99,Karen,Gordon,kgordon@wikivu.edu,Cambodia
100,Joshua,West,jwest@zoomzone.name,Ukraine
101,Dorothy,Brown,dbrown@bubblebox.org,Philippines
102,Victor,Gutierrez,vgutierrez@vimbo.name,"Congo, Republic of"
103,Ruth,Smith,rsmith@layo.edu,United States Virgin Islands
104,Carol,Hawkins,chawkins@skipfire.mil,Papua New Guinea
105,Brandon,Knight,bknight@plajo.info,Libya
106,Bobby,Harris,bharris@skinix.biz,Vatican City State (Holy See)
107,Terry,Larson,tlarson@voonte.org,Israel
108,Patricia,Nguyen,pnguyen@browseblab.gov,Anguilla
109,Raymond,Ryan,rryan@trilia.name,Western Sahara
110,Billy,Snyder,bsnyder@ailane.info,Namibia
111,Billy,King,bking@yakijo.edu,Senegal
112,Joyce,Hansen,jhansen@wikizz.edu,Palau
113,Johnny,Roberts,jroberts@eimbee.edu,Ireland
114,Stephanie,Brown,sbrown@innoz.edu,France
115,Jason,Elliott,jelliott@devcast.gov,Anguilla
116,Donald,Turner,dturner@fanoodle.info,Central African Republic
117,Pamela,Marshall,pmarshall@youtags.net,Cape Verde
118,William,Murray,wmurray@trilith.edu,Guatemala
119,Benjamin,Thompson,bthompson@edgepulse.net,American Samoa
120,Alice,Garza,agarza@zoombeat.gov,Sweden
121,Terry,Peterson,tpeterson@devpulse.com,Denmark
122,Paul,Sanders,psanders@centimia.net,Peru
123,Christina,Harrison,charrison@pixonyx.mil,Cayman Islands
124,Joshua,Stewart,jstewart@dabvine.edu,Portugal
125,Christopher,Peters,cpeters@blognation.net,Wallis and Futuna Islands
126,Amy,Cole,acole@realcube.mil,Myanmar
127,Justin,Howard,jhoward@oba.info,Netherlands
128,Michael,Elliott,melliott@kayveo.com,Madagascar
129,Amy,Harper,aharper@nlounge.gov,Madagascar
130,Cheryl,Murray,cmurray@katz.gov,Belgium
131,Dennis,Allen,dallen@eire.biz,Greece
132,Julia,Burke,jburke@agivu.biz,Sierra Leone
133,Ann,Sanchez,asanchez@voonder.gov,Dominica
134,Justin,Rivera,jrivera@izio.edu,South Georgia and the South Sandwich Islands
135,Clarence,Ferguson,cferguson@skalith.biz,Dominica
136,Wanda,Allen,wallen@twinder.net,Djibouti
137,Mark,Fields,mfields@yabox.org,Rwanda
138,Ernest,Arnold,earnold@rhyloo.name,Guyana
139,Joshua,Carter,jcarter@pixoboo.info,Chile
140,Denise,Rodriguez,drodriguez@wordware.mil,Tajikistan
141,Matthew,Young,myoung@meeveo.mil,Mexico
142,Nicole,Little,nlittle@zoomcast.mil,Uganda
143,James,Lynch,jlynch@meedoo.info,"Palestinian Territory, Occupied"
144,Nicholas,Wright,nwright@rhyzio.gov,Togo
145,Jean,Garrett,jgarrett@teklist.com,Sweden
146,Joshua,Hart,jhart@tagcat.gov,Netherlands Antilles
147,Rose,Brooks,rbrooks@podcat.gov,Jordan
148,Antonio,Coleman,acoleman@twitterworks.biz,Yugoslavia
149,Alice,Watkins,awatkins@demivee.net,Lesotho
150,Betty,Bradley,bbradley@myworks.edu,Turks and Caicos Islands
151,Jacqueline,Ross,jross@edgeify.biz,El Salvador
152,Harry,Hamilton,hhamilton@youfeed.gov,Saint Vincent and the Grenadines
153,Louis,Olson,lolson@blogtag.biz,Mozambique
154,Mark,Arnold,marnold@yombu.info,New Caledonia
155,Louise,Porter,lporter@edgeify.biz,Nepal
156,Victor,Miller,vmiller@vinder.gov,Vatican City State (Holy See)
157,Brenda,Reyes,breyes@mita.biz,Tajikistan
158,Katherine,Dunn,kdunn@riffpedia.mil,Namibia
159,Michelle,Robinson,mrobinson@eamia.name,Romania
160,Jesse,Ruiz,jruiz@oyondu.net,Djibouti
161,Irene,Rose,irose@fadeo.net,Finland
162,Anna,Wells,awells@rhyloo.edu,Grenada
163,Patricia,Hill,phill@oba.net,Antigua and Barbuda
164,Christine,Cooper,ccooper@mynte.name,Ireland
165,Bonnie,Richardson,brichardson@thoughtstorm.gov,Macedonia
166,Gregory,Mccoy,gmccoy@miboo.gov,Romania
167,Timothy,Campbell,tcampbell@gigabox.info,Bolivia
168,Gerald,Holmes,gholmes@divavu.org,Ukraine
169,Harry,Flores,hflores@plambee.edu,United Arab Emirates
170,Sean,Black,sblack@digitube.info,El Salvador
171,Maria,Holmes,mholmes@topiczoom.org,Guinea-Bissau
172,Joshua,Shaw,jshaw@eadel.net,Egypt
173,Julie,Robertson,jrobertson@skynoodle.com,South Africa
174,Evelyn,Parker,eparker@skinder.org,Uzbekistan
175,Randy,Mendoza,rmendoza@jaxbean.net,Germany
176,Ernest,Ross,eross@skynoodle.net,Nigeria
177,Tina,Fields,tfields@skynoodle.info,Gambia
178,Eric,Shaw,eshaw@livefish.net,United Arab Emirates
179,Randy,Greene,rgreene@jabberbean.org,Thailand
180,Harold,Reyes,hreyes@kwilith.net,Portugal
181,Sean,Fowler,sfowler@skajo.biz,Lebanon
182,Walter,Garza,wgarza@youspan.biz,Sierra Leone
183,Jimmy,Sullivan,jsullivan@bluejam.gov,Latvia
184,Adam,Hudson,ahudson@brightdog.net,Djibouti
185,Kathryn,Long,klong@gabcube.com,Somalia
186,Evelyn,James,ejames@vinte.gov,Chad
187,Laura,Bailey,lbailey@voomm.name,Bouvet Island
188,Steve,Ruiz,sruiz@topicstorm.info,Saint Pierre and Miquelon
189,George,Snyder,gsnyder@quire.edu,Netherlands
190,Ralph,Mcdonald,rmcdonald@jabbersphere.edu,Faroe Islands
191,Frank,Young,fyoung@realfire.edu,South Georgia and the South Sandwich Islands
192,Nancy,George,ngeorge@cogilith.com,Heard and McDonald Islands
193,Lisa,Bishop,lbishop@muxo.net,Belarus
194,Wanda,Olson,wolson@realblab.net,Guinea-Bissau
195,Shirley,Harris,sharris@podcat.net,Italy
196,Christopher,Reed,creed@meetz.info,Guatemala
197,Tina,Howell,thowell@dynabox.info,Denmark
198,Virginia,Matthews,vmatthews@bluezoom.name,Saint Barthelemy
199,Anthony,Bailey,abailey@vitz.gov,Haiti
200,George,Russell,grussell@dablist.com,Uganda
201,Emily,Clark,eclark@jaxspan.mil,Romania
202,Nancy,Bishop,nbishop@fanoodle.info,Macedonia
203,Julie,Chapman,jchapman@twimm.name,Liberia
204,Howard,Weaver,hweaver@wordify.gov,Syria
205,Kathy,Phillips,kphillips@yombu.edu,Liberia
206,Dennis,Murray,dmurray@gabvine.org,Serbia
207,Arthur,Wood,awood@skippad.com,Nicaragua
208,Robin,Gardner,rgardner@zoonder.edu,Niger
209,Earl,Murray,emurray@yodo.mil,San Marino
210,Margaret,Sanchez,msanchez@skipstorm.gov,"Korea, South"
211,Albert,Miller,amiller@wordware.edu,Zimbabwe
212,Theresa,Hayes,thayes@yambee.mil,Pakistan
213,Alan,Chapman,achapman@ailane.biz,Suriname
214,Laura,Parker,lparker@skiptube.org,Poland
215,Andrew,Chavez,achavez@topicblab.com,Sudan
216,Amy,Stewart,astewart@katz.com,Dominican Republic
217,Tammy,Phillips,tphillips@buzzster.net,Tonga
218,Frank,Nelson,fnelson@mybuzz.biz,United Arab Emirates
219,Louise,Freeman,lfreeman@fivechat.net,Central African Republic
220,Patricia,Meyer,pmeyer@shufflester.name,French Polynesia
221,Lillian,Diaz,ldiaz@dynabox.mil,Kenya
222,Kathryn,Harvey,kharvey@feedmix.biz,Azerbaijan
223,Victor,Meyer,vmeyer@thoughtmix.info,Sri Lanka
224,Angela,Stanley,astanley@babbleset.gov,Ukraine
225,Adam,Garcia,agarcia@lazzy.mil,Niger
226,John,Welch,jwelch@devshare.name,Malta
227,Steven,Gonzales,sgonzales@zoonoodle.mil,Saint Vincent and the Grenadines
228,Ralph,Nguyen,rnguyen@twinte.net,Cook Islands
229,Shirley,Rivera,srivera@yadel.name,Azerbaijan
230,Heather,Dean,hdean@linktype.info,Anguilla
231,Robin,Ford,rford@layo.net,El Salvador
232,Nicole,Nguyen,nnguyen@wikido.mil,New Zealand
233,Wanda,Green,wgreen@demivee.com,Malta
234,Robin,Rogers,rrogers@mymm.mil,Kenya
235,Jerry,Carpenter,jcarpenter@dablist.edu,Macedonia
236,Billy,Harper,bharper@innotype.edu,Montenegro
237,Brandon,Boyd,bboyd@brightbean.mil,Mozambique
238,Evelyn,Bennett,ebennett@divape.info,Niger
239,Russell,Freeman,rfreeman@wikibox.gov,Saint Barthelemy
240,Annie,Elliott,aelliott@kaymbo.gov,El Salvador
241,Judith,Griffin,jgriffin@eimbee.com,Luxembourg
242,Bonnie,Rice,brice@twiyo.name,Vatican City State (Holy See)
243,Johnny,Crawford,jcrawford@skiptube.edu,Rwanda
244,Susan,Allen,sallen@camido.edu,Greece
245,Eugene,Mccoy,emccoy@photojam.info,Guam
246,Betty,Gray,bgray@skilith.name,Czech Republic
247,Mary,Campbell,mcampbell@eidel.name,Seychelles
248,Christina,Johnson,cjohnson@flashset.biz,"Palestinian Territory, Occupied"
249,Michelle,Kim,mkim@flashset.org,Lebanon
250,Paula,Garcia,pgarcia@shufflester.net,Tunisia
251,Nicole,Wright,nwright@twinder.edu,Saint Martin
252,William,Bennett,wbennett@fivechat.org,Ghana
253,Jean,Scott,jscott@thoughtmix.net,Mexico
254,Benjamin,Murray,bmurray@gabtune.com,Tajikistan
255,Kimberly,Morrison,kmorrison@skimia.gov,Kenya
256,Ryan,Miller,rmiller@roombo.name,Hungary
257,Walter,Boyd,wboyd@yakidoo.gov,Azerbaijan
258,Wanda,Mason,wmason@kaymbo.edu,Yugoslavia
259,Betty,Murphy,bmurphy@fivebridge.name,Turkmenistan
260,Katherine,Perez,kperez@chatterbridge.biz,Yemen
261,Rose,Perry,rperry@tekfly.edu,Bouvet Island
262,Carolyn,Bennett,cbennett@eire.mil,Tunisia
263,Jeffrey,Knight,jknight@pixoboo.biz,Guernsey
264,Mary,Lawrence,mlawrence@chatterbridge.edu,Saint Vincent and the Grenadines
265,John,Fuller,jfuller@cogilith.org,Sudan
266,Jason,Morris,jmorris@devbug.mil,Puerto Rico
267,Helen,Edwards,hedwards@voonix.com,Jordan
268,Paul,Flores,pflores@wordware.biz,Saint Vincent and the Grenadines
269,Sara,Perez,sperez@pixonyx.edu,Gambia
270,Patricia,Fuller,pfuller@shufflebeat.com,Greece
271,Gregory,Andrews,gandrews@twimm.name,Sri Lanka
272,Nancy,Gutierrez,ngutierrez@livetube.mil,Dominican Republic
273,Ronald,Matthews,rmatthews@avamm.gov,Russia
274,Jeffrey,Morris,jmorris@ainyx.mil,Slovenia
275,Judy,Gonzalez,jgonzalez@thoughtworks.net,Cambodia
276,Teresa,Ross,tross@centizu.biz,United States of America
277,Douglas,Chapman,dchapman@jetpulse.biz,Cameroon
278,Billy,Bishop,bbishop@tanoodle.info,Argentina
279,Shawn,Murphy,smurphy@viva.edu,Israel
280,Jesse,Fox,jfox@brainlounge.gov,Micronesia
281,Roger,Morgan,rmorgan@leexo.org,Estonia
282,Judy,Sims,jsims@latz.edu,Croatia
283,Steve,Chapman,schapman@yodo.name,Falkland Islands (Malvinas)
284,Christopher,Bradley,cbradley@yacero.biz,Saint Lucia
285,Edward,Chapman,echapman@browsezoom.org,Czech Republic
286,Judith,Wood,jwood@meetz.biz,Switzerland
287,Robert,Alexander,ralexander@zoombox.biz,Bouvet Island
288,Elizabeth,Bradley,ebradley@blognation.org,Uruguay
289,Anna,Hayes,ahayes@zoombox.name,Singapore
290,Alan,Johnston,ajohnston@feedfire.gov,Vanuatu
291,Thomas,Romero,tromero@thoughtmix.name,Sudan
292,Lillian,Willis,lwillis@skajo.gov,Taiwan
293,Jennifer,Dean,jdean@trilith.com,Austria
294,Brian,Andrews,bandrews@wordpedia.name,Norway
295,Deborah,Romero,dromero@babblestorm.info,Czech Republic
296,Victor,Allen,vallen@agivu.mil,Aruba
297,Keith,Weaver,kweaver@photojam.org,Slovakia
298,Sarah,Mcdonald,smcdonald@quinu.name,Martinique
299,Billy,Watkins,bwatkins@cogibox.name,Georgia
300,Julia,Morales,jmorales@thoughtworks.gov,Gibraltar
301,John,Ramos,jramos@gabtune.mil,Switzerland
302,Henry,Lynch,hlynch@aivee.biz,Guinea
303,Adam,Phillips,aphillips@eadel.net,Malawi
304,Kathy,Tucker,ktucker@blogspan.biz,"Congo, Democratic Republic of"
305,Robert,Sims,rsims@tagfeed.mil,Brazil
306,Clarence,Williamson,cwilliamson@twitternation.biz,Brazil
307,Rachel,Watson,rwatson@meeveo.edu,Somalia
308,Todd,James,tjames@jayo.gov,Georgia
309,Catherine,Harrison,charrison@gigazoom.net,South Africa
310,Justin,Medina,jmedina@bubblemix.com,Åland
311,Margaret,Cox,mcox@kazio.gov,Myanmar
312,Jimmy,Garrett,jgarrett@layo.gov,Cote d'Ivoire
313,Ryan,Lee,rlee@wikizz.com,Argentina
314,Jessica,Vasquez,jvasquez@vinder.info,Peru
315,Heather,Fernandez,hfernandez@vitz.com,Finland
316,Norma,Green,ngreen@centizu.com,Nauru
317,Wanda,James,wjames@skajo.mil,Åland
318,Ernest,Oliver,eoliver@digitube.com,Slovakia
319,Virginia,Griffin,vgriffin@voonte.org,Myanmar
320,James,Hughes,jhughes@jaxbean.edu,Greece
321,Adam,Moreno,amoreno@ntags.org,Gambia
322,Jacqueline,Russell,jrussell@shuffletag.org,Kiribati
323,Evelyn,Garrett,egarrett@flipopia.info,Botswana
324,Jacqueline,Coleman,jcoleman@brainverse.gov,French Southern Territories
325,Joshua,Johnson,jjohnson@quaxo.org,Taiwan
326,Patricia,Edwards,pedwards@demimbu.edu,Haiti
327,Janet,Wood,jwood@buzzbean.edu,Italy
328,Mary,Gonzalez,mgonzalez@fivespan.com,Niger
329,Ronald,Barnes,rbarnes@trupe.edu,Reunion
330,Victor,Schmidt,vschmidt@flipstorm.name,Solomon Islands
331,Daniel,Ramirez,dramirez@flipstorm.biz,Tokelau
332,Johnny,Gonzalez,jgonzalez@zooveo.gov,Saint Barthelemy
333,Kathy,Jackson,kjackson@divanoodle.info,Macedonia
334,Angela,Simpson,asimpson@skimia.biz,"Korea, North"
335,Deborah,Porter,dporter@devshare.org,Angola
336,Juan,Harvey,jharvey@roombo.com,French Southern Territories
337,Joan,Carroll,jcarroll@wikizz.mil,Nicaragua
338,Roy,Dean,rdean@roomm.edu,Tajikistan
339,Kathleen,Garrett,kgarrett@thoughtstorm.edu,"Congo, Democratic Republic of"
340,Jacqueline,Hawkins,jhawkins@blogxs.com,Christmas Island
341,Anthony,Reyes,areyes@dynabox.info,Belgium
342,Thomas,Murray,tmurray@aivee.biz,Taiwan
343,Russell,Boyd,rboyd@roombo.edu,Seychelles
344,Anthony,Lee,alee@trudoo.com,French Southern Territories
345,Melissa,Nguyen,mnguyen@dabtype.gov,Indonesia
346,Doris,Crawford,dcrawford@feednation.org,Cuba
347,Antonio,Richards,arichards@devify.org,Cambodia
348,Kathy,Rice,krice@flipstorm.name,Seychelles
349,Denise,Freeman,dfreeman@skibox.name,Indonesia
350,George,Mcdonald,gmcdonald@leexo.edu,Christmas Island
351,Virginia,Bradley,vbradley@trilith.name,Netherlands Antilles
352,Larry,Williamson,lwilliamson@twimbo.name,Namibia
353,Annie,Mason,amason@bubblemix.org,Barbados
354,Ruby,Hall,rhall@ntags.info,Vatican City State (Holy See)
355,Carol,Boyd,cboyd@twitterworks.biz,Bahrain
356,Shawn,Williams,swilliams@lazzy.mil,Iran
357,Johnny,Boyd,jboyd@photobug.biz,Northern Mariana Islands
358,Paula,Gilbert,pgilbert@zoombeat.biz,Malta
359,Craig,Kelley,ckelley@linkbridge.gov,Hong Kong
360,Shirley,Campbell,scampbell@fanoodle.org,Cocos (Keeling) Island
361,Nicole,Armstrong,narmstrong@snaptags.org,Nauru
362,Mildred,Nelson,mnelson@vitz.org,Slovenia
363,Joan,Nelson,jnelson@dabz.biz,Lebanon
364,John,Myers,jmyers@avamm.mil,Tajikistan
365,Jeffrey,Fuller,jfuller@topicware.edu,Gibraltar
366,Benjamin,Perry,bperry@yodo.edu,Burundi
367,Howard,Hughes,hhughes@zooxo.biz,Belize
368,Russell,Harris,rharris@devcast.mil,Palau
369,Christina,Clark,cclark@thoughtstorm.mil,Barbados
370,Martin,Jones,mjones@plajo.gov,Finland
371,Bonnie,Reyes,breyes@babbleopia.gov,Åland
372,Cynthia,Matthews,cmatthews@rooxo.mil,Suriname
373,Sarah,Williamson,swilliamson@tagopia.edu,Eritrea
374,Sarah,Ward,sward@yodo.biz,American Samoa
375,James,Ramirez,jramirez@wordify.org,Bulgaria
376,Harold,Fisher,hfisher@jabbercube.mil,Kenya
377,Johnny,Perkins,jperkins@dabfeed.name,Antarctica
378,Ernest,Thompson,ethompson@leenti.info,Grenada
379,Jeffrey,Oliver,joliver@feedmix.biz,Costa Rica
380,Louise,Gomez,lgomez@zava.gov,Nicaragua
381,James,Griffin,jgriffin@tagopia.name,Guatemala
382,Bruce,Porter,bporter@livetube.gov,"Korea, North"
383,Stephanie,Ramos,sramos@plajo.mil,Gabon
384,Wayne,King,wking@avaveo.net,Algeria
385,Mary,Lawson,mlawson@zoombeat.biz,Maldives
386,Gloria,Bennett,gbennett@voomm.edu,Uzbekistan
387,Christine,Garcia,cgarcia@avavee.info,Falkland Islands (Malvinas)
388,Joan,Grant,jgrant@tagpad.info,Suriname
389,Jean,Patterson,jpatterson@twitterlist.info,Brunei Darussalam
390,Lisa,Green,lgreen@devpulse.mil,"Korea, South"
391,Martin,Lawrence,mlawrence@flashpoint.edu,Tonga
392,Ruth,Kelly,rkelly@rhynoodle.name,Egypt
393,Jacqueline,Fowler,jfowler@oloo.info,Greece
394,Jessica,Berry,jberry@feedspan.edu,Sao Tome and Principe
395,Gary,Welch,gwelch@meeveo.edu,South Africa
396,Janice,Sanders,jsanders@kazio.mil,Cape Verde
397,Donald,Pierce,dpierce@riffpath.biz,Gabon
398,Kelly,Hicks,khicks@quaxo.net,USSR
399,Brandon,Hansen,bhansen@fadeo.info,Barbados
400,Scott,Simpson,ssimpson@realcube.edu,Antigua and Barbuda
401,Ralph,Walker,rwalker@skippad.edu,Kenya
402,Larry,Murphy,lmurphy@meetz.gov,"Korea, South"
403,Janet,Garcia,jgarcia@youtags.mil,Northern Mariana Islands
404,Phyllis,Ross,pross@zoombeat.org,Romania
405,Carol,Arnold,carnold@zoomzone.com,Myanmar
406,Carl,Bradley,cbradley@quamba.biz,Senegal
407,Kathy,Rose,krose@rhyloo.org,Isle of Man
408,Judith,Elliott,jelliott@skalith.biz,Svalbard and Jan Mayen Islands
409,Juan,Diaz,jdiaz@skinte.mil,Sweden
410,Cheryl,Fox,cfox@youtags.name,Belarus
411,George,Jacobs,gjacobs@twitterbridge.mil,Costa Rica
412,Lillian,Young,lyoung@yakidoo.edu,Cameroon
413,Victor,Henry,vhenry@chatterpoint.org,Ukraine
414,Carlos,Gomez,cgomez@fivespan.edu,Senegal
415,Tammy,Burns,tburns@skimia.gov,Wallis and Futuna Islands
416,Keith,Crawford,kcrawford@linklinks.org,Grenada
417,Walter,Young,wyoung@lazzy.org,Oman
418,Joe,Lewis,jlewis@skivee.gov,Tunisia
419,Alan,Jenkins,ajenkins@skyble.info,Estonia
420,Rose,Rogers,rrogers@quinu.edu,Zimbabwe
421,Andrew,Myers,amyers@wordware.net,Yemen
422,Kathryn,Snyder,ksnyder@einti.com,Belize
423,Joseph,Washington,jwashington@flashspan.gov,Heard and McDonald Islands
424,Earl,Mcdonald,emcdonald@pixope.biz,Paraguay
425,Douglas,Day,dday@innojam.info,Bolivia
426,Bruce,Hawkins,bhawkins@kwimbee.mil,Jamaica
427,Matthew,Perkins,mperkins@blogpad.info,Bangladesh
428,Joe,Greene,jgreene@roodel.name,Ascension Island
429,Frank,Perry,fperry@devify.biz,Cayman Islands
430,Barbara,Jackson,bjackson@skimia.gov,Colombia
431,Linda,Armstrong,larmstrong@eabox.net,Colombia
432,Barbara,Cox,bcox@camido.name,Cyprus
433,Diane,Lopez,dlopez@yodo.edu,Sudan
434,Amanda,Sanchez,asanchez@thoughtblab.mil,British Indian Ocean Territory
435,Catherine,Davis,cdavis@lazz.mil,Mali
436,Ronald,Allen,rallen@avamm.edu,Cocos (Keeling) Island
437,Ashley,Reyes,areyes@zava.org,Zimbabwe
438,James,Morgan,jmorgan@riffpedia.net,Kuwait
439,Raymond,Hill,rhill@cogidoo.gov,Sao Tome and Principe
440,Bobby,Perez,bperez@yodo.net,Fiji
441,Melissa,Wilson,mwilson@realmix.mil,Botswana
442,Craig,Morgan,cmorgan@twitterworks.edu,Faroe Islands
443,Peter,Arnold,parnold@tambee.com,Liechtenstein
444,Martin,Adams,madams@meembee.gov,Saint Barthelemy
445,Sean,Larson,slarson@wikido.com,Gambia
446,Carolyn,Wheeler,cwheeler@dynabox.edu,Guyana
447,Sean,Reid,sreid@wikizz.org,Tanzania
448,Keith,Foster,kfoster@yotz.info,Croatia
449,Phyllis,Dunn,pdunn@wikibox.info,Germany
450,Kathleen,Duncan,kduncan@voolith.edu,Monaco
451,Ann,Allen,aallen@babbleblab.gov,Switzerland
452,Wanda,Gilbert,wgilbert@twitternation.gov,Iraq
453,Antonio,Moreno,amoreno@kaymbo.info,Swaziland
454,Julie,Shaw,jshaw@dabz.edu,Argentina
455,Joe,Fox,jfox@leenti.mil,Malawi
456,Angela,Lynch,alynch@devshare.net,Kyrgyzstan
457,Rebecca,Greene,rgreene@eadel.info,"Congo, Democratic Republic of"
458,Joshua,Williamson,jwilliamson@jaxworks.info,French Guiana
459,Ruth,Cole,rcole@voonder.info,Austria
460,Lisa,Stewart,lstewart@tagcat.gov,Tajikistan
461,Frances,Reid,freid@fliptune.gov,"Congo, Republic of"
462,Julia,Harper,jharper@kwinu.net,Aruba
463,Earl,Porter,eporter@livepath.org,Saint Helena
464,Michelle,Richardson,mrichardson@gabtype.gov,USSR
465,Kathryn,Chapman,kchapman@quimba.biz,Rwanda
466,Karen,Roberts,kroberts@muxo.com,Bahrain
467,Helen,Larson,hlarson@skynoodle.info,Tajikistan
468,Tammy,Cunningham,tcunningham@thoughtworks.info,Rwanda
469,Shirley,Collins,scollins@jabbersphere.net,Cook Islands
470,Stephen,Carter,scarter@feedmix.mil,Ireland
471,Lisa,Perez,lperez@thoughtstorm.name,Tajikistan
472,Tammy,Payne,tpayne@trupe.info,Georgia
473,Jennifer,Dunn,jdunn@yambee.info,Jordan
474,Judith,Sullivan,jsullivan@browseblab.gov,Albania
475,Jose,Bishop,jbishop@latz.edu,Croatia
476,Kathryn,Wood,kwood@babbleblab.edu,Czech Republic
477,Lawrence,Hernandez,lhernandez@kamba.name,Burundi
478,Doris,Hernandez,dhernandez@tagpad.name,Laos
479,Amy,Romero,aromero@meembee.biz,Kiribati
480,Tina,Brooks,tbrooks@skivee.gov,American Samoa
481,Ronald,Weaver,rweaver@trudoo.gov,Uzbekistan
482,Aaron,Hansen,ahansen@skippad.gov,Swaziland
483,Edward,Scott,escott@youfeed.net,South Africa
484,Sarah,Richardson,srichardson@meezzy.edu,Turkey
485,Christine,Smith,csmith@zooveo.name,Central African Republic
486,Julia,Barnes,jbarnes@aimbo.info,Guernsey
487,Emily,Robinson,erobinson@gabspot.name,Belgium
488,Mildred,Gilbert,mgilbert@plambee.org,Ethiopia
489,Lawrence,Carroll,lcarroll@aimbo.biz,Bahrain
490,Lawrence,Jordan,ljordan@gigashots.gov,Belize
491,Roy,Gonzalez,rgonzalez@youopia.info,Serbia
492,Bruce,Martinez,bmartinez@skaboo.gov,Tunisia
493,Cynthia,Moore,cmoore@zoombeat.mil,Estonia
494,Bonnie,Fernandez,bfernandez@muxo.name,Morocco
495,Eugene,Ramos,eramos@fivespan.org,Hong Kong
496,Victor,Adams,vadams@twitterwire.net,Uganda
497,Betty,Jenkins,bjenkins@skyble.com,Jordan
498,Roy,Stone,rstone@izio.name,Haiti
499,Ralph,Murray,rmurray@mudo.net,Grenada
500,Kimberly,Bailey,kbailey@flashspan.name,Cape Verde
501,Harold,Payne,hpayne@livefish.net,Bosnia and Herzegovina
502,Amanda,Woods,awoods@jabbercube.com,Cocos (Keeling) Island
503,Willie,Dixon,wdixon@zava.biz,Dominican Republic
504,Sean,Hill,shill@skivee.info,Netherlands Antilles
505,Nancy,Kennedy,nkennedy@mybuzz.net,Lebanon
506,Deborah,Fisher,dfisher@kaymbo.org,Nauru
507,Fred,Moreno,fmoreno@yacero.info,Moldova
508,Diana,Arnold,darnold@fivebridge.name,Netherlands Antilles
509,Steven,Lawrence,slawrence@rhynoodle.biz,French Polynesia
510,Jack,Moreno,jmoreno@voonte.edu,Jordan
511,Frank,Myers,fmyers@kwilith.edu,Vanuatu
512,Roy,Clark,rclark@roodel.mil,Micronesia
513,Carol,Burke,cburke@meevee.name,Gibraltar
514,Philip,Bryant,pbryant@oyondu.biz,Cocos (Keeling) Island
515,James,Armstrong,jarmstrong@flipopia.name,Ireland
516,Dorothy,Bennett,dbennett@skiptube.mil,Pitcairn Island
517,Stephen,Chavez,schavez@wikizz.name,Cayman Islands
518,Frank,Stephens,fstephens@rhybox.org,Comoros
519,Stephanie,Fernandez,sfernandez@brainfire.net,Liberia
520,Christina,Gilbert,cgilbert@edgepulse.name,Serbia
521,Jacqueline,Chavez,jchavez@photospace.edu,Bosnia and Herzegovina
522,Jimmy,Garza,jgarza@skyble.net,Egypt
523,George,Hart,ghart@flipopia.name,Namibia
524,Johnny,Chavez,jchavez@twitternation.com,Serbia
525,Kathy,Duncan,kduncan@agimba.net,Syria
526,Ruth,Spencer,rspencer@talane.name,Azerbaijan
527,Eugene,Banks,ebanks@avaveo.org,Ecuador
528,Daniel,Duncan,dduncan@midel.biz,Uganda
529,Juan,Mendoza,jmendoza@topiclounge.name,Sri Lanka
530,Juan,Turner,jturner@flipopia.com,Oman
531,Timothy,Reyes,treyes@realbridge.mil,Egypt
532,Joan,Alexander,jalexander@flipstorm.info,Reunion
533,Jose,Diaz,jdiaz@trilia.gov,Mayotte
534,Cynthia,Ward,cward@oyonder.org,Mongolia
535,Kathryn,Martin,kmartin@trunyx.org,Mauritania
536,Mildred,Kelly,mkelly@wikizz.gov,Marshall Islands
537,Philip,Harrison,pharrison@dynava.info,Netherlands
538,Joan,Stanley,jstanley@skilith.info,Niger
539,Joshua,Hunter,jhunter@voomm.org,British Indian Ocean Territory
540,Mildred,Howard,mhoward@eamia.com,Italy
541,Carl,Mcdonald,cmcdonald@jabberstorm.name,USSR
542,Juan,Ford,jford@demimbu.edu,Oman
543,Marie,Moore,mmoore@browseblab.net,Angola
544,Matthew,Ortiz,mortiz@jaxworks.net,United Kingdom
545,Nancy,Martin,nmartin@centimia.biz,Tonga
546,Chris,Rice,crice@midel.com,Zimbabwe
547,Victor,Allen,vallen@oyoyo.org,Japan
548,Ruby,Matthews,rmatthews@shufflebeat.gov,Algeria
549,Peter,Ward,pward@voolia.biz,Cook Islands
550,Sharon,Marshall,smarshall@dabjam.mil,Isle of Man
551,Margaret,Montgomery,mmontgomery@blogpad.org,Hungary
552,Gregory,Burton,gburton@einti.biz,Taiwan
553,Patricia,Black,pblack@jabbertype.net,Martinique
554,Jacqueline,Lane,jlane@gabspot.com,Laos
555,Tammy,Holmes,tholmes@trupe.com,Saudia Arabia
556,Janice,Snyder,jsnyder@youfeed.name,Togo
557,Frank,Anderson,fanderson@skaboo.net,Panama
558,Gregory,Stewart,gstewart@tavu.biz,Malta
559,Kathryn,Smith,ksmith@voolia.mil,"Congo, Democratic Republic of"
560,Jeremy,Gibson,jgibson@quimba.mil,Serbia
561,Martin,Hawkins,mhawkins@youbridge.biz,Portugal
562,Howard,Bradley,hbradley@feedfish.name,Cameroon
563,Karen,Long,klong@buzzster.info,Australia
564,Sara,Martin,smartin@mynte.gov,Chad
565,Margaret,Ramirez,mramirez@flashdog.biz,Bolivia
566,Bonnie,Banks,bbanks@gigabox.edu,Burkina Faso
567,Julie,Harrison,jharrison@eamia.mil,United States Virgin Islands
568,Maria,Montgomery,mmontgomery@meedoo.org,Mauritius
569,Keith,Stephens,kstephens@voolith.name,Australia
570,Patrick,Shaw,pshaw@flashpoint.biz,Turkey
571,Jonathan,Gray,jgray@edgeblab.edu,Dominican Republic
572,Ronald,Thomas,rthomas@buzzshare.mil,Zambia
573,Rose,Lynch,rlynch@edgepulse.edu,Faroe Islands
574,John,White,jwhite@twimm.biz,Cambodia
575,Richard,Harper,rharper@skajo.org,Myanmar
576,Donald,Wright,dwright@dabtype.org,Tanzania
577,Louise,Bowman,lbowman@babblestorm.com,Chile
578,Anne,White,awhite@skyndu.mil,Brunei Darussalam
579,Scott,Dunn,sdunn@flipbug.gov,Panama
580,Heather,Jackson,hjackson@rooxo.com,Cocos (Keeling) Island
581,Ruby,Reed,rreed@rhynyx.net,Somalia
582,Jane,Garrett,jgarrett@wordify.edu,Timor-Leste
583,Brandon,Romero,bromero@thoughtstorm.net,Portugal
584,Donald,Ruiz,druiz@eamia.biz,Bahamas
585,Todd,Gibson,tgibson@mynte.biz,Swaziland
586,Rebecca,Davis,rdavis@eimbee.net,Georgia
587,Arthur,West,awest@zoomlounge.biz,Micronesia
588,Fred,Gray,fgray@kwimbee.org,Iraq
589,Charles,Moore,cmoore@roodel.gov,Vietnam
590,Nicholas,Andrews,nandrews@voolith.mil,Japan
591,Carlos,Gibson,cgibson@feedspan.org,Montserrat
592,Shirley,Martinez,smartinez@geba.org,Ukraine
593,Nancy,Williamson,nwilliamson@twitterworks.com,Dominica
594,Wanda,Taylor,wtaylor@skalith.gov,Namibia
595,Carol,Butler,cbutler@wordtune.name,Botswana
596,Ralph,Howard,rhoward@yodo.biz,Papua New Guinea
597,Juan,Duncan,jduncan@edgepulse.edu,Sri Lanka
598,Phyllis,Sullivan,psullivan@midel.edu,Namibia
599,Ryan,Bailey,rbailey@babblestorm.net,Saint Martin
600,Kathleen,Sanchez,ksanchez@devpoint.com,Sao Tome and Principe
601,Kathryn,Chapman,kchapman@flashset.biz,Gabon
602,Philip,Gordon,pgordon@flipbug.edu,Afghanistan
603,Steven,Montgomery,smontgomery@linkbridge.net,Madagascar
604,Eugene,Frazier,efrazier@dablist.name,Panama
605,Joe,Thomas,jthomas@shuffletag.edu,Israel
606,Jeffrey,Dunn,jdunn@dynazzy.name,Colombia
607,Lawrence,Montgomery,lmontgomery@meeveo.com,Nauru
608,Lori,Butler,lbutler@dabshots.net,Belarus
609,Jennifer,Nichols,jnichols@tagopia.net,Slovakia
610,Betty,Long,blong@chatterbridge.info,Latvia
611,Michelle,King,mking@quimm.net,Grenada
612,Keith,Green,kgreen@demivee.com,Lithuania
613,Nicholas,Kennedy,nkennedy@divape.net,Jersey
614,Juan,Graham,jgraham@lazz.gov,Lesotho
615,Harold,Perkins,hperkins@dazzlesphere.name,Saint Barthelemy
616,Louis,Fields,lfields@thoughtmix.gov,Zimbabwe
617,Janice,Adams,jadams@linktype.com,Moldova
618,Peter,Matthews,pmatthews@zoozzy.edu,Bulgaria
619,Jesse,Powell,jpowell@pixonyx.info,Barbados
620,Christina,Cox,ccox@ntags.biz,Dominican Republic
621,Karen,Pierce,kpierce@wordpedia.net,Kiribati
622,Philip,Owens,powens@brainsphere.name,Bermuda
623,Julie,Grant,jgrant@wordpedia.gov,Cyprus
624,Paul,Carroll,pcarroll@realbuzz.name,Romania
625,Marie,Rice,mrice@tagcat.biz,Paraguay
626,Ruth,Webb,rwebb@tazzy.org,Lithuania
627,Joyce,Garcia,jgarcia@photobug.edu,Guam
628,Anne,Kennedy,akennedy@browseblab.edu,Croatia
629,Linda,Henry,lhenry@feedfire.net,Chile
630,Helen,Day,hday@gevee.edu,Greece
631,Anna,Nichols,anichols@twitterlist.biz,Vatican City State (Holy See)
632,Arthur,Nguyen,anguyen@bubbletube.info,United Arab Emirates
633,Ralph,Hill,rhill@zoombox.net,Puerto Rico
634,Steve,Sullivan,ssullivan@lazzy.com,Liechtenstein
635,Carlos,Weaver,cweaver@vitz.name,Jamaica
636,Frances,Freeman,ffreeman@linkbuzz.biz,Saint Barthelemy
637,Ralph,Adams,radams@brainlounge.name,British Indian Ocean Territory
638,Douglas,Allen,dallen@rhybox.edu,Malawi
639,Joyce,Knight,jknight@divavu.mil,Madagascar
640,Billy,Tucker,btucker@edgeify.name,Angola
641,Melissa,Nichols,mnichols@yakitri.biz,Christmas Island
642,Catherine,Day,cday@browsezoom.mil,Marshall Islands
643,Richard,Ryan,rryan@snaptags.biz,Guyana
644,Kathy,Vasquez,kvasquez@dynabox.biz,Belgium
645,Bobby,Peters,bpeters@oyondu.edu,Heard and McDonald Islands
646,Joan,Larson,jlarson@jazzy.org,Ireland
647,Philip,Pierce,ppierce@fivechat.net,Nicaragua
648,Juan,Ortiz,jortiz@miboo.net,Wallis and Futuna Islands
649,Eugene,Morales,emorales@rhycero.biz,Lithuania
650,Roy,Bowman,rbowman@abata.gov,Uzbekistan
651,Lois,Kelly,lkelly@bluezoom.com,Ethiopia
652,Sharon,Thomas,sthomas@tagopia.org,Algeria
653,Janet,Hayes,jhayes@vinte.mil,Saudia Arabia
654,Ernest,Gutierrez,egutierrez@trudeo.com,Vatican City State (Holy See)
655,Brenda,Ward,bward@browsezoom.gov,Seychelles
656,Annie,Washington,awashington@babbleblab.biz,Mauritania
657,Daniel,Carr,dcarr@jabbersphere.gov,Mozambique
658,Frank,Marshall,fmarshall@divape.org,Liberia
659,Kathleen,Hamilton,khamilton@wordify.mil,Ecuador
660,Robert,Castillo,rcastillo@quimba.com,Latvia
661,Marilyn,Howell,mhowell@jabberbean.org,Niue
662,Jacqueline,Lynch,jlynch@mudo.gov,Germany
663,Diana,Walker,dwalker@flashspan.com,Argentina
664,Antonio,Hicks,ahicks@bubblebox.biz,Canada
665,Shawn,Sullivan,ssullivan@skippad.edu,"Congo, Democratic Republic of"
666,Aaron,Boyd,aboyd@meevee.mil,Taiwan
667,Ralph,Rogers,rrogers@teklist.biz,Singapore
668,Matthew,Riley,mriley@centimia.mil,Gambia
669,Christina,Moreno,cmoreno@yacero.edu,United Arab Emirates
670,Jose,Rose,jrose@wordware.com,Nicaragua
671,Joan,Palmer,jpalmer@eazzy.mil,American Samoa
672,Craig,Stone,cstone@bluejam.biz,"Congo, Republic of"
673,Virginia,Turner,vturner@skimia.net,"Congo, Democratic Republic of"
674,Edward,Thomas,ethomas@meemm.name,Brunei Darussalam
675,Carlos,Pierce,cpierce@fivechat.com,Puerto Rico
676,Jacqueline,Reed,jreed@kanoodle.info,Serbia
677,Joyce,Hernandez,jhernandez@kare.info,Nicaragua
678,Eric,Fuller,efuller@camido.edu,Burundi
679,Maria,Martinez,mmartinez@centizu.edu,Israel
680,Jimmy,Edwards,jedwards@tagpad.mil,Norway
681,Rachel,Meyer,rmeyer@linkbuzz.biz,Trinidad and Tobago
682,James,Stanley,jstanley@feedbug.com,Madagascar
683,Roy,Simmons,rsimmons@flashspan.info,Svalbard and Jan Mayen Islands
684,Wayne,Pierce,wpierce@dynabox.com,Belgium
685,Christopher,Evans,cevans@vipe.net,Saint Helena
686,George,Henry,ghenry@bluejam.com,Chile
687,Lawrence,Nguyen,lnguyen@bubbletube.biz,Malta
688,Dorothy,Murray,dmurray@flipstorm.info,Montserrat
689,Alan,Henderson,ahenderson@fiveclub.biz,Tuvalu
690,Donald,Cruz,dcruz@rhybox.biz,Djibouti
691,Roy,Russell,rrussell@yodel.gov,Macedonia
692,Phillip,Phillips,pphillips@meeveo.biz,Kuwait
693,Mark,Campbell,mcampbell@npath.name,Thailand
694,Shirley,Rose,srose@eire.net,Central African Republic
695,Judith,Griffin,jgriffin@meedoo.mil,Bhutan
696,Joseph,Perez,jperez@agimba.mil,Libya
697,Ruth,Collins,rcollins@linkbridge.net,Ecuador
698,Melissa,Gibson,mgibson@eadel.edu,Guatemala
699,Lori,Bennett,lbennett@yacero.mil,Lesotho
700,Anne,Hughes,ahughes@jetwire.mil,Angola
701,Joseph,Turner,jturner@jaxnation.info,Faroe Islands
702,Irene,Cox,icox@skajo.info,Cote d'Ivoire
703,Craig,Chapman,cchapman@fliptune.com,Denmark
704,Lisa,Wagner,lwagner@meejo.mil,Vanuatu
705,Nicole,Perkins,nperkins@twitterbeat.org,Tuvalu
706,Anthony,Griffin,agriffin@aimbu.net,Japan
707,Judy,Sanchez,jsanchez@wordpedia.biz,Cambodia
708,Diane,Turner,dturner@skinix.edu,Montenegro
709,Shawn,Dixon,sdixon@centidel.info,Iraq
710,Louise,Payne,lpayne@flipopia.org,Oman
711,Julie,Jordan,jjordan@layo.com,Norway
712,Amanda,Robertson,arobertson@browsecat.biz,Norway
713,Patrick,Meyer,pmeyer@vitz.org,Central African Republic
714,Bruce,Hayes,bhayes@quatz.info,Chad
715,Carol,Mccoy,cmccoy@oyonder.edu,Cayman Islands
716,Brandon,Owens,bowens@dablist.mil,Portugal
717,Sara,Weaver,sweaver@twinder.name,Swaziland
718,Kelly,Stewart,kstewart@tazz.org,Belgium
719,Jonathan,Shaw,jshaw@rhyzio.com,Belarus
720,Janet,Parker,jparker@aibox.org,"Korea, South"
721,Chris,Andrews,candrews@realmix.gov,Oman
722,Angela,Perkins,aperkins@skinix.mil,Moldova
723,Brian,Mendoza,bmendoza@minyx.gov,Cuba
724,Katherine,Price,kprice@jaxworks.mil,Philippines
725,Julie,Evans,jevans@nlounge.name,Cocos (Keeling) Island
726,Stephen,Smith,ssmith@flipstorm.net,Botswana
727,James,Anderson,janderson@brightdog.com,Ascension Island
728,Charles,Gutierrez,cgutierrez@zoombox.com,American Samoa
729,Shawn,Bradley,sbradley@kwinu.edu,Maldives
730,Angela,Brooks,abrooks@blogtag.org,Tuvalu
731,Douglas,Armstrong,darmstrong@yombu.biz,Mauritania
732,Julie,King,jking@quire.gov,American Samoa
733,Victor,Franklin,vfranklin@babbleblab.gov,Iceland
734,Julia,Fields,jfields@camimbo.info,Pakistan
735,John,Cook,jcook@jabbersphere.edu,Sao Tome and Principe
736,Anna,Hart,ahart@skyvu.net,Bangladesh
737,Donald,Gibson,dgibson@flipstorm.mil,Macedonia
738,Joshua,Brooks,jbrooks@wordware.biz,Lesotho
739,Nicholas,Shaw,nshaw@skyndu.biz,Estonia
740,Donald,Mitchell,dmitchell@zoovu.com,Kuwait
741,Stephen,Mitchell,smitchell@vidoo.org,Algeria
742,Anna,Torres,atorres@jaxspan.gov,Kiribati
743,Nicole,Castillo,ncastillo@dabvine.biz,Belgium
744,Dorothy,Carroll,dcarroll@edgeclub.edu,Benin
745,Susan,Woods,swoods@mydeo.com,Sweden
746,Walter,Pierce,wpierce@feedmix.net,Tonga
747,Cheryl,Gonzalez,cgonzalez@skippad.edu,New Zealand
748,Johnny,Burns,jburns@trilith.com,Guatemala
749,Susan,Burns,sburns@oyondu.info,Mauritius
750,Patricia,Cunningham,pcunningham@realmix.com,Comoros
751,Carl,Robinson,crobinson@twimm.edu,Kiribati
752,Mildred,Fernandez,mfernandez@kayveo.com,Indonesia
753,David,Rivera,drivera@jumpxs.gov,Dominica
754,Joe,Alvarez,jalvarez@rhynyx.org,Uzbekistan
755,Bonnie,Mcdonald,bmcdonald@feedmix.com,Costa Rica
756,Mark,Moreno,mmoreno@oyoloo.edu,Malawi
757,Kevin,Williamson,kwilliamson@kamba.org,Belgium
758,Howard,Matthews,hmatthews@cogibox.info,Japan
759,Kimberly,Sullivan,ksullivan@livetube.gov,Turks and Caicos Islands
760,Nancy,Carr,ncarr@thoughtsphere.mil,Pitcairn Island
761,Donna,Wagner,dwagner@rhyloo.biz,Seychelles
762,Stephanie,Miller,smiller@thoughtbeat.edu,Namibia
763,Virginia,Knight,vknight@wikivu.net,Dominica
764,Richard,Ramirez,rramirez@cogibox.info,Philippines
765,John,Watson,jwatson@trupe.biz,Argentina
766,Patricia,Foster,pfoster@babblestorm.name,Saint Vincent and the Grenadines
767,Irene,Harvey,iharvey@trilia.com,Egypt
768,Carolyn,Willis,cwillis@mynte.edu,Colombia
769,Patrick,Fuller,pfuller@kimia.edu,Luxembourg
770,Annie,Jordan,ajordan@jabbersphere.mil,San Marino
771,Kevin,Sullivan,ksullivan@topicblab.info,Sudan
772,Mark,Romero,mromero@flipbug.gov,Azerbaijan
773,Kevin,Carpenter,kcarpenter@skiba.org,Isle of Man
774,Jane,Barnes,jbarnes@flipstorm.biz,Saint Barthelemy
775,Jessica,Little,jlittle@avaveo.info,Canada
776,Sandra,Sanchez,ssanchez@gabtype.name,Georgia
777,Eric,Daniels,edaniels@zava.gov,Norway
778,Justin,Castillo,jcastillo@devbug.biz,Nicaragua
779,Kathleen,Lopez,klopez@ainyx.biz,Yemen
780,Alan,Harris,aharris@edgeblab.net,Brazil
781,Sharon,Fisher,sfisher@eare.org,Bahrain
782,Jack,Sanchez,jsanchez@mynte.org,Papua New Guinea
783,Lisa,Price,lprice@shuffletag.com,Benin
784,Lori,Warren,lwarren@fanoodle.info,Albania
785,Jerry,Jacobs,jjacobs@eimbee.biz,British Virgin Islands
786,Teresa,Carpenter,tcarpenter@pixope.info,Papua New Guinea
787,Margaret,Clark,mclark@voolith.edu,Cayman Islands
788,Joseph,Shaw,jshaw@rhybox.org,Bangladesh
789,Aaron,Perkins,aperkins@quaxo.com,Algeria
790,Anna,Lane,alane@rhyloo.mil,USSR
791,Melissa,Ferguson,mferguson@oyondu.name,Tunisia
792,Andrea,Anderson,aanderson@roombo.info,Norway
793,Linda,Hawkins,lhawkins@agivu.gov,Micronesia
794,Gregory,Kennedy,gkennedy@thoughtbridge.info,Venezuela
795,Brandon,Shaw,bshaw@geba.com,Gabon
796,Andrew,Tucker,atucker@youspan.com,Nicaragua
797,Paul,Harris,pharris@bubblemix.edu,Switzerland
798,Billy,Graham,bgraham@trudeo.mil,Ethiopia
799,Joan,Cruz,jcruz@agivu.biz,Faroe Islands
800,Ruby,Hamilton,rhamilton@edgeify.gov,Belarus
801,Kevin,Chavez,kchavez@yodo.info,Iraq
802,Teresa,Gardner,tgardner@feedmix.mil,Iceland
803,Sarah,Chavez,schavez@photofeed.gov,Algeria
804,Sean,Walker,swalker@podcat.mil,Ascension Island
805,Gregory,Fields,gfields@gigazoom.mil,Uganda
806,Nancy,Owens,nowens@dazzlesphere.mil,"Palestinian Territory, Occupied"
807,Jane,Walker,jwalker@devify.org,Sierra Leone
808,Julia,Green,jgreen@realbuzz.gov,Azerbaijan
809,Kenneth,Peterson,kpeterson@centizu.info,Solomon Islands
810,Jane,Dean,jdean@jazzy.mil,"Congo, Democratic Republic of"
811,Joe,Nelson,jnelson@skyble.name,"Congo, Democratic Republic of"
812,Carl,Wilson,cwilson@dabvine.biz,Denmark
813,Heather,Vasquez,hvasquez@meevee.gov,Macedonia
814,Eugene,Edwards,eedwards@demizz.name,Nicaragua
815,Lori,Nguyen,lnguyen@jabberstorm.gov,Sri Lanka
816,Maria,Washington,mwashington@divanoodle.name,Mayotte
817,Douglas,Butler,dbutler@flipopia.edu,British Indian Ocean Territory
818,Angela,Dunn,adunn@twitterwire.net,Papua New Guinea
819,Kelly,Lawson,klawson@livepath.com,United Kingdom
820,Arthur,Wagner,awagner@muxo.name,Czech Republic
821,Victor,Fernandez,vfernandez@wikido.info,Turks and Caicos Islands
822,Nancy,Garcia,ngarcia@ozu.edu,Azerbaijan
823,Albert,Hanson,ahanson@aivee.biz,"Congo, Republic of"
824,Steven,Robertson,srobertson@demimbu.org,"Congo, Democratic Republic of"
825,Steven,Williamson,swilliamson@pixoboo.edu,Peru
826,Doris,Bell,dbell@muxo.mil,Cameroon
827,Carl,Washington,cwashington@gigashots.mil,Italy
828,Beverly,Armstrong,barmstrong@wikivu.net,Taiwan
829,Margaret,Fuller,mfuller@kayveo.edu,Tokelau
830,Gregory,Berry,gberry@avamm.edu,Sri Lanka
831,Steve,Hart,shart@oyonder.biz,Vatican City State (Holy See)
832,Barbara,Gray,bgray@blogxs.biz,Ecuador
833,Diana,Kennedy,dkennedy@agimba.info,Macedonia
834,Katherine,Burns,kburns@dabvine.com,Guinea-Bissau
835,Carolyn,Mason,cmason@centidel.name,British Virgin Islands
836,Paula,Stewart,pstewart@wikizz.biz,Dominican Republic
837,Martin,Garcia,mgarcia@wikivu.org,Botswana
838,Emily,Flores,eflores@wordware.name,Yugoslavia
839,Susan,Jacobs,sjacobs@shufflester.biz,Libya
840,Tina,Fisher,tfisher@buzzbean.org,Dominica
841,Paul,Moore,pmoore@kwinu.gov,Seychelles
842,Randy,Jones,rjones@youfeed.name,Tokelau
843,Emily,Ross,eross@skyvu.mil,Greenland
844,Todd,Harrison,tharrison@bubblemix.net,Samoa
845,James,Walker,jwalker@yombu.org,India
846,Rose,Mills,rmills@cogidoo.com,Saint Martin
847,Margaret,Gilbert,mgilbert@meemm.biz,Northern Mariana Islands
848,Gregory,Tucker,gtucker@digitube.edu,Maldives
849,Joe,Dean,jdean@trudeo.info,Maldives
850,Bobby,Murray,bmurray@livez.gov,Tuvalu
851,Angela,Spencer,aspencer@leenti.edu,Yemen
852,Lois,Baker,lbaker@dynabox.com,Dominican Republic
853,Benjamin,James,bjames@voomm.com,Bosnia and Herzegovina
854,Larry,White,lwhite@ainyx.gov,Cayman Islands
855,Cheryl,Jordan,cjordan@photobug.mil,Latvia
856,Eric,Cunningham,ecunningham@meevee.net,Cook Islands
857,Maria,Moreno,mmoreno@gabtune.biz,Christmas Island
858,Diane,West,dwest@viva.mil,Latvia
859,Michelle,Lynch,mlynch@yodo.name,Hungary
860,Billy,Carpenter,bcarpenter@brightbean.name,Seychelles
861,Todd,Larson,tlarson@twitterbridge.org,Saint Lucia
862,Betty,Palmer,bpalmer@skynoodle.gov,Algeria
863,Ann,Cunningham,acunningham@brainbox.name,Norway
864,Donald,Ellis,dellis@mydo.org,Venezuela
865,Charles,Ellis,cellis@yodoo.net,Vatican City State (Holy See)
866,Helen,Graham,hgraham@eire.com,Morocco
867,Paul,Patterson,ppatterson@roodel.edu,French Polynesia
868,Susan,Fields,sfields@topicblab.biz,Afghanistan
869,Raymond,Lawrence,rlawrence@feedspan.com,Ascension Island
870,Ashley,Webb,awebb@gigabox.biz,French Polynesia
871,Patrick,Morrison,pmorrison@kwimbee.gov,Bouvet Island
872,Louis,Nelson,lnelson@divanoodle.info,Sierra Leone
873,Helen,Porter,hporter@geba.mil,Argentina
874,Mary,Freeman,mfreeman@rooxo.org,Puerto Rico
875,Donald,Burton,dburton@buzzster.info,Panama
876,Stephen,Cruz,scruz@gabspot.edu,Niger
877,Cynthia,Dunn,cdunn@jaxworks.gov,Tokelau
878,Amy,Olson,aolson@devpoint.mil,Cocos (Keeling) Island
879,Mary,Coleman,mcoleman@podcat.name,Croatia
880,Chris,Wallace,cwallace@flipopia.org,Mongolia
881,Robert,Williams,rwilliams@gigashots.name,Timor-Leste
882,Lillian,Diaz,ldiaz@thoughtbridge.mil,Papua New Guinea
883,Patricia,Warren,pwarren@ozu.mil,Jordan
884,Alice,Arnold,aarnold@devify.org,Liechtenstein
885,Howard,Warren,hwarren@feedbug.net,Turks and Caicos Islands
886,Virginia,Carter,vcarter@fiveclub.name,Kuwait
887,Beverly,Mitchell,bmitchell@blognation.net,Timor-Leste
888,Joyce,Meyer,jmeyer@voolia.org,Macedonia
889,Christopher,Watkins,cwatkins@gigabox.biz,Yemen
890,Willie,Moreno,wmoreno@camimbo.mil,Faroe Islands
891,Justin,Burke,jburke@topicblab.mil,Japan
892,Shirley,Cox,scox@topdrive.gov,Turkmenistan
893,Beverly,Mendoza,bmendoza@mita.biz,Argentina
894,Donna,Black,dblack@shufflester.name,United States Virgin Islands
895,Jimmy,Webb,jwebb@realcube.biz,Nauru
896,Cynthia,Hunt,chunt@skippad.info,Dominica
897,Jason,Martin,jmartin@browsecat.name,Equatorial Guinea
898,Kimberly,Ford,kford@livez.biz,Chad
899,Paul,Bennett,pbennett@riffwire.mil,Georgia
900,Katherine,Dunn,kdunn@devbug.info,"Korea, North"
901,Lori,Larson,llarson@topdrive.com,Nicaragua
902,Ann,Russell,arussell@thoughtbridge.biz,Gabon
903,Beverly,Fernandez,bfernandez@linktype.org,Greece
904,Jack,Romero,jromero@browseblab.net,Denmark
905,Terry,Austin,taustin@riffpedia.edu,United States of America
906,Betty,Bradley,bbradley@linkbuzz.name,Honduras
907,Cynthia,Sullivan,csullivan@oloo.mil,Myanmar
908,Nicole,Matthews,nmatthews@brainverse.info,Azerbaijan
909,Norma,Diaz,ndiaz@aimbu.org,Eritrea
910,Ronald,Richards,rrichards@yamia.gov,"Congo, Republic of"
911,William,Tucker,wtucker@minyx.edu,Kyrgyzstan
912,Nancy,Holmes,nholmes@brightbean.gov,Sudan
913,Joyce,Ferguson,jferguson@skilith.edu,Canada
914,Victor,Smith,vsmith@zoonoodle.biz,Yemen
915,James,Henderson,jhenderson@edgeify.gov,Zimbabwe
916,Jason,Johnston,jjohnston@livetube.biz,Turkmenistan
917,Karen,Riley,kriley@centimia.name,Fiji
918,Karen,Hernandez,khernandez@vinte.net,"Congo, Republic of"
919,Bonnie,Mendoza,bmendoza@buzzster.net,El Salvador
920,Julia,Williams,jwilliams@jumpxs.edu,Panama
921,Anna,Mcdonald,amcdonald@eayo.biz,Iraq
922,Gregory,Oliver,goliver@roomm.biz,United Kingdom
923,Judith,Miller,jmiller@yamia.org,Northern Mariana Islands
924,Justin,Long,jlong@livetube.mil,French Guiana
925,Tina,Wood,twood@buzzster.edu,Marshall Islands
926,Beverly,Reid,breid@fivespan.org,Turks and Caicos Islands
927,Antonio,Chavez,achavez@eabox.org,Guatemala
928,Lois,Harrison,lharrison@brightdog.biz,Mozambique
929,Marilyn,Lynch,mlynch@fatz.name,Lebanon
930,Ann,Lee,alee@twitterbridge.edu,Nicaragua
931,Sandra,Franklin,sfranklin@linklinks.info,Malawi
932,Lawrence,Lawson,llawson@fivechat.com,Aruba
933,Paul,Brooks,pbrooks@gabtune.info,United States Virgin Islands
934,Judith,Hall,jhall@jabbersphere.gov,Lebanon
935,Paul,Ward,pward@dabshots.com,Northern Mariana Islands
936,Craig,Carpenter,ccarpenter@jumpxs.mil,Finland
937,Dorothy,Porter,dporter@dabz.name,Romania
938,Willie,Kelly,wkelly@oyoloo.name,Somalia
939,Robin,Rodriguez,rrodriguez@midel.net,Montenegro
940,Charles,Thompson,cthompson@vimbo.com,Kenya
941,Sean,Williamson,swilliamson@kazu.mil,Guinea-Bissau
942,Wayne,Ellis,wellis@bubblebox.org,Uganda
943,Joshua,Alvarez,jalvarez@cogidoo.info,New Caledonia
944,David,Martinez,dmartinez@buzzdog.mil,France
945,Elizabeth,Fisher,efisher@mydeo.mil,Norway
946,Samuel,Henderson,shenderson@avamba.biz,Papua New Guinea
947,Paula,Ward,pward@tazz.com,Equatorial Guinea
948,Albert,James,ajames@wikibox.edu,Kyrgyzstan
949,Joyce,Walker,jwalker@kwilith.edu,Bouvet Island
950,Maria,Mason,mmason@skaboo.edu,Dominican Republic
951,Adam,Ellis,aellis@edgewire.com,Micronesia
952,Nancy,Hart,nhart@thoughtsphere.name,Serbia
953,Benjamin,Daniels,bdaniels@skiba.com,Burkina Faso
954,Tammy,Jenkins,tjenkins@feedspan.net,Saint Barthelemy
955,Marie,Bryant,mbryant@feedbug.org,Syria
956,Juan,Hayes,jhayes@zooxo.mil,Cyprus
957,Arthur,Ray,aray@mydo.edu,American Samoa
958,Frances,Cooper,fcooper@fliptune.org,Guatemala
959,Mark,Reid,mreid@quamba.info,Venezuela
960,Edward,Freeman,efreeman@rhyloo.net,Ascension Island
961,David,Phillips,dphillips@innotype.org,Isle of Man
962,Kathy,Ross,kross@innoz.net,Estonia
963,James,Mcdonald,jmcdonald@flashspan.info,American Samoa
964,Steve,Cole,scole@browseblab.name,French Guiana
965,Daniel,Murray,dmurray@yamia.mil,Central African Republic
966,Joe,Baker,jbaker@demimbu.net,Sierra Leone
967,Alan,Powell,apowell@camimbo.biz,Vatican City State (Holy See)
968,Eric,Hughes,ehughes@flashdog.gov,Georgia
969,Debra,Peterson,dpeterson@linkbridge.mil,Dominica
970,Jason,Murray,jmurray@plajo.name,Finland
971,Shirley,Hughes,shughes@einti.edu,Guinea-Bissau
972,Doris,Stephens,dstephens@voolia.org,Liberia
973,Mildred,Stanley,mstanley@jaxnation.net,Slovakia
974,Ruth,Warren,rwarren@yata.biz,Chad
975,Albert,Mills,amills@quamba.edu,Ethiopia
976,Joyce,Harris,jharris@innojam.org,Azerbaijan
977,Walter,Nguyen,wnguyen@gevee.biz,Russia
978,Elizabeth,Rose,erose@skajo.org,Barbados
979,Elizabeth,Palmer,epalmer@gabcube.gov,Honduras
980,Christina,Gonzalez,cgonzalez@thoughtstorm.net,Benin
981,Kimberly,Duncan,kduncan@bubbletube.org,Ecuador
982,Amy,Roberts,aroberts@latz.info,Jamaica
983,Jacqueline,Shaw,jshaw@flipstorm.com,Sudan
984,Betty,Campbell,bcampbell@topicware.name,Dominica
985,Karen,Carroll,kcarroll@photofeed.mil,Saint Lucia
986,Jane,Owens,jowens@vidoo.biz,Ghana
987,Carol,Powell,cpowell@edgepulse.org,China
988,Rebecca,Hernandez,rhernandez@edgepulse.gov,Vatican City State (Holy See)
989,Ruby,Gray,rgray@edgeify.edu,Benin
990,Ernest,Washington,ewashington@blogspan.com,Egypt
991,Carlos,Wood,cwood@podcat.info,Tokelau
992,Judy,Hansen,jhansen@oloo.edu,Mozambique
993,Jean,Ellis,jellis@skajo.info,British Indian Ocean Territory
994,Virginia,Reid,vreid@roombo.org,Guinea-Bissau
995,Gloria,Myers,gmyers@pixoboo.edu,Iran
996,Joe,Coleman,jcoleman@jamia.name,Nepal
997,Irene,Freeman,ifreeman@voomm.biz,Senegal
998,Jennifer,Elliott,jelliott@blognation.com,Isle of Man
999,Carlos,Thomas,cthomas@zooveo.biz,Croatia
1000,Judith,Mason,jmason@dabtype.net,Panama
